{
  "version": 1,
  "author": "Anonymous maker",
  "editor": "wokwi",
  "parts": [
    { "type": "wokwi-arduino-mega", "id": "mega", "top": 0, "left": 0, "attrs": {} },
    {
      "type": "wokwi-hc-sr04",
      "id": "ultrasonic1",
      "top": 212.7,
      "left": 63.1,
      "attrs": { "distance": "400" }
    },
    { "type": "wokwi-mpu6050", "id": "imu1", "top": 224.62, "left": 242.32, "attrs": {} }
  ],
  "connections": [
    [ "ultrasonic1:VCC", "mega:3.3V", "red", [ "v0" ] ],
    [ "ultrasonic1:GND", "mega:GND.3", "black", [ "v0" ] ],
    [ "ultrasonic1:TRIG", "mega:9", "green", [ "v0" ] ],
    [ "ultrasonic1:ECHO", "mega:10", "green", [ "v0" ] ],
    [ "imu1:VCC", "mega:5V", "red", [ "v0" ] ],
    [ "imu1:GND", "mega:GND.3", "black", [ "v0" ] ],
    [ "imu1:INT", "mega:1", "green", [ "v0" ] ],
    [ "imu1:SCL", "mega:A4", "green", [ "v0" ] ],
    [ "imu1:SDA", "mega:A5", "green", [ "v0" ] ]
  ],
  "dependencies": {}
}